source,text,label
obfuscated,URGEN7: Your 5BI 4ccount will be blocked. Verify KYC 47 bit.ly/ver1fy wi7hin 24 hours.,scam
obfuscated,URGENT:​ Y0ur​ SB1​ account​ will​ b3​ blocked.​ V3r1fy​ KYC​ at​ bit.ly/v3r1fy​ with1n​ 24​ hour5.,scam
obfuscated,URGEN7: Your SBI 4ccoun7 will be bl0cked. V3r1fy KYC at bit.ly/verify w17hin 24 hour5.,scam
obfuscated,URGENT: Your SB1 accoun7 will be block3d. V3rify KYC at b1t.ly/verify within 24 hours.,scam
obfuscated,URG3NT:​ Y0ur​ SBI​ accoun7​ will​ be​ block3d.​ Verify​ KYC​ at​ bit.ly/verify​ wi7h1n​ 24​ hours.,scam
obfuscated,Congratula71ons!​ You​ w0n​ Rs​ 50000​ in​ PhoneP3​ lo7t3ry.​ En73r​ UPI​ P1N​ 7o​ claim​ prize.,scam
obfuscated,C0ngratulati0n5!​ You​ won​ Rs​ 50000​ 1n​ Ph0n3P3​ lot7ery.​ 3nter​ UPI​ PIN​ to​ cla1m​ prize.,scam
obfuscated,C0ngratul471on5!​ You​ won​ Rs​ 50000​ in​ PhonePe​ l07tery.​ Enter​ UP1​ PIN​ to​ cla1m​ priz3.,scam
obfuscated,Congratul4tions! You won Rs 50000 in Phon3Pe lottery. Enter UPI PIN to claim pr1z3.,scam
obfuscated,Congra7ulat1on5!​ You​ won​ R5​ 50000​ in​ PhoneP3​ l07tery.​ Enter​ UP1​ PIN​ to​ claim​ prize.,scam
obfuscated,Your​ HDFC​ refund​ of​ Rs​ 15000​ p3nding.​ Approve​ UP1​ collect​ request​ t0​ receiv3​ m0ney.,scam
obfuscated,Your​ HDFC​ refund​ of​ R5​ 15000​ pending.​ 4ppr0v3​ UPI​ coll3ct​ r3qu3st​ to​ receive​ m0ney.,scam
obfuscated,Your HDFC refund 0f Rs 15000 pend1ng. Appr0ve UPI collect reques7 to r3ceive mon3y.,scam
obfuscated,Your​ HDFC​ r3fund​ of​ R5​ 15000​ pending.​ 4pprove​ UPI​ c0llect​ r3qu3st​ 7o​ receive​ mon3y.,scam
obfuscated,Your HDFC refund of Rs 15000 p3nd1ng. Appr0ve UP1 collect reque5t 7o r3ce1ve money.,scam
obfuscated,Cashback Rs 10000 fr0m GPay credi7ed. 3nt3r P1N 7o 4dd to y0ur w4ll3t now.,scam
obfuscated,C4shb4ck​ Rs​ 10000​ from​ GPay​ credited.​ Enter​ P1N​ 7o​ 4dd​ 70​ y0ur​ wallet​ now.,scam
obfuscated,Cashback Rs 10000 from GP4y credited. Enter P1N 7o 4dd t0 y0ur w4lle7 n0w.,scam
obfuscated,Ca5hback R5 10000 fr0m GPay cr3d1ted. 3n73r PIN t0 add t0 your wall3t now.,scam
obfuscated,C4shback Rs 10000 fr0m GPay cr3di7ed. 3nter P1N 7o add to y0ur w4llet now.,scam
obfuscated,You r3ceived Rs 25000 priz3. Accept payment requ35t 0n P4ytm within 2 hour5.,scam
obfuscated,Y0u received Rs 25000 prize. Accept p4ym3nt reque5t on Paytm w1thin 2 hours.,scam
obfuscated,You rece1v3d Rs 25000 prize. 4ccept p4yment request on Paytm with1n 2 hours.,scam
obfuscated,Y0u rec3iv3d Rs 25000 pr1ze. 4ccept payment reque5t on Paytm w1th1n 2 h0ur5.,scam
obfuscated,You rec3iv3d Rs 25000 pr1ze. 4cc3p7 p4ymen7 request on Paytm wi7hin 2 h0ur5.,scam
obfuscated,Your ICICI Bank KYC expir3d. Update a7 short.link/kyc wi7hin 7od4y or accoun7 closed.,scam
obfuscated,Your ICICI Bank KYC 3xpir3d. Upda7e 47 5hort.link/kyc within tod4y or acc0unt clos3d.,scam
obfuscated,Y0ur IC1CI B4nk KYC expired. Update 47 short.link/kyc wi7hin 7oday 0r 4ccount closed.,scam
obfuscated,Y0ur​ IC1C1​ B4nk​ KYC​ exp1r3d.​ Updat3​ 4t​ sh0r7.link/kyc​ wi7h1n​ today​ or​ accoun7​ closed.,scam
obfuscated,Y0ur IC1CI Bank KYC exp1red. Upd4te at shor7.l1nk/kyc with1n t0day 0r 4ccount closed.,scam
obfuscated,Final not1ce: 5BI account KYC incomple7e. Ver1fy at 7inyurl.com/verify imm3d1ately.,scam
obfuscated,Fin4l​ not1ce:​ SB1​ acc0unt​ KYC​ inc0mplete.​ Verify​ at​ 7inyurl.c0m/verify​ 1mmed1a7ely.,scam
obfuscated,Final no7ice: 5B1 account KYC incompl37e. V3rify at 7inyurl.com/v3rify 1mmed1ately.,scam
obfuscated,F1nal notice: SB1 4ccount KYC 1nc0mplet3. V3rify a7 71nyurl.com/verify imm3diately.,scam
obfuscated,F1nal​ notice:​ SB1​ accoun7​ KYC​ 1nc0mplete.​ Ver1fy​ a7​ t1nyurl.c0m/verify​ 1mmed14tely.,scam
obfuscated,RBI m4ndate: Y0ur bank KYC ren3w4l r3qu1red. Visit b1t.ly/rbi-kyc or 4ccount fr0zen.,scam
obfuscated,RBI mandate: Your bank KYC renewal r3quired. Vis1t bit.ly/rbi-kyc or account fr0z3n.,scam
obfuscated,RBI​ mandate:​ Y0ur​ bank​ KYC​ renewal​ required.​ Visit​ bi7.ly/rbi-kyc​ or​ account​ frozen.,scam
obfuscated,RBI​ mandate:​ Your​ b4nk​ KYC​ ren3wal​ requ1red.​ Vi51t​ b1t.ly/rbi-kyc​ or​ account​ frozen.,scam
obfuscated,RBI​ manda73:​ Your​ bank​ KYC​ r3n3w4l​ required.​ Vi5it​ bit.ly/rbi-kyc​ or​ 4cc0unt​ fr0zen.,scam
obfuscated,Your d3bit card block3d due to 1ncompl37e KYC. Upda7e 4t secur3-bank.tk now.,scam
obfuscated,Y0ur​ debit​ card​ blocked​ due​ 70​ incompl3te​ KYC.​ Upd4te​ at​ secure-bank.7k​ now.,scam
obfuscated,Your deb1t card blocked du3 7o inc0mplete KYC. Update at s3cure-b4nk.tk now.,scam
obfuscated,Your​ debit​ c4rd​ blocked​ du3​ to​ 1ncomple7e​ KYC.​ Upd47e​ at​ 53cure-bank.7k​ now.,scam
obfuscated,Your d3bit card bl0cked due to incomple7e KYC. Update at secure-bank.tk n0w.,scam
obfuscated,HDFC​ accoun7​ under​ review.​ Complete​ KYC​ at​ hdfc-ver1fy.7k​ w1thin​ 12​ hours.,scam
obfuscated,HDFC account und3r review. Comple73 KYC at hdfc-v3r1fy.tk wi7hin 12 hours.,scam
obfuscated,HDFC​ 4ccoun7​ under​ review.​ C0mpl3te​ KYC​ 4t​ hdfc-v3r1fy.tk​ w17hin​ 12​ hour5.,scam
obfuscated,HDFC​ 4ccount​ under​ review.​ Complet3​ KYC​ at​ hdfc-v3rify.7k​ w1th1n​ 12​ h0urs.,scam
obfuscated,HDFC acc0un7 under review. Compl37e KYC at hdfc-verify.tk w17hin 12 hours.,scam
