source,text,tactic,label
persuasion_dataset,I am calling from Police Cyber Cell regarding fraud case.,AUTHORITY_PRETEXTING,scam
persuasion_dataset,I am calling from Police Cyber Cell regarding fraud case.,AUTHORITY_PRETEXTING,scam
persuasion_dataset,I am calling from Police Cyber Cell regarding fraud case.,AUTHORITY_PRETEXTING,scam
persuasion_dataset,I am calling from Police Cyber Cell regarding fraud case.,AUTHORITY_PRETEXTING,scam
persuasion_dataset,I am calling from Police Cyber Cell regarding fraud case.,AUTHORITY_PRETEXTING,scam
persuasion_dataset,I am calling from Police Cyber Cell regarding fraud case.,AUTHORITY_PRETEXTING,scam
persuasion_dataset,I am calling from Police Cyber Cell regarding fraud case.,AUTHORITY_PRETEXTING,scam
persuasion_dataset,I am calling from Police Cyber Cell regarding fraud case.,AUTHORITY_PRETEXTING,scam
persuasion_dataset,I am calling from Police Cyber Cell regarding fraud case.,AUTHORITY_PRETEXTING,scam
persuasion_dataset,I am calling from Police Cyber Cell regarding fraud case.,AUTHORITY_PRETEXTING,scam
persuasion_dataset,I am calling from Police Cyber Cell regarding fraud case.,AUTHORITY_PRETEXTING,scam
persuasion_dataset,I am calling from Police Cyber Cell regarding fraud case.,AUTHORITY_PRETEXTING,scam
persuasion_dataset,I am calling from Police Cyber Cell regarding fraud case.,AUTHORITY_PRETEXTING,scam
persuasion_dataset,I am calling from Police Cyber Cell regarding fraud case.,AUTHORITY_PRETEXTING,scam
persuasion_dataset,I am calling from Police Cyber Cell regarding fraud case.,AUTHORITY_PRETEXTING,scam
persuasion_dataset,I am calling from Police Cyber Cell regarding fraud case.,AUTHORITY_PRETEXTING,scam
persuasion_dataset,I am calling from Police Cyber Cell regarding fraud case.,AUTHORITY_PRETEXTING,scam
persuasion_dataset,I am calling from Police Cyber Cell regarding fraud case.,AUTHORITY_PRETEXTING,scam
persuasion_dataset,I am calling from Police Cyber Cell regarding fraud case.,AUTHORITY_PRETEXTING,scam
persuasion_dataset,I am calling from Police Cyber Cell regarding fraud case.,AUTHORITY_PRETEXTING,scam
persuasion_dataset,This is RBI calling about your account suspension.,AUTHORITY_PRETEXTING,scam
persuasion_dataset,This is RBI calling about your account suspension.,AUTHORITY_PRETEXTING,scam
persuasion_dataset,This is RBI calling about your account suspension.,AUTHORITY_PRETEXTING,scam
persuasion_dataset,This is RBI calling about your account suspension.,AUTHORITY_PRETEXTING,scam
persuasion_dataset,This is RBI calling about your account suspension.,AUTHORITY_PRETEXTING,scam
persuasion_dataset,This is RBI calling about your account suspension.,AUTHORITY_PRETEXTING,scam
persuasion_dataset,This is RBI calling about your account suspension.,AUTHORITY_PRETEXTING,scam
persuasion_dataset,This is RBI calling about your account suspension.,AUTHORITY_PRETEXTING,scam
persuasion_dataset,This is RBI calling about your account suspension.,AUTHORITY_PRETEXTING,scam
persuasion_dataset,This is RBI calling about your account suspension.,AUTHORITY_PRETEXTING,scam
persuasion_dataset,This is RBI calling about your account suspension.,AUTHORITY_PRETEXTING,scam
persuasion_dataset,This is RBI calling about your account suspension.,AUTHORITY_PRETEXTING,scam
persuasion_dataset,This is RBI calling about your account suspension.,AUTHORITY_PRETEXTING,scam
persuasion_dataset,This is RBI calling about your account suspension.,AUTHORITY_PRETEXTING,scam
persuasion_dataset,This is RBI calling about your account suspension.,AUTHORITY_PRETEXTING,scam
persuasion_dataset,This is RBI calling about your account suspension.,AUTHORITY_PRETEXTING,scam
persuasion_dataset,This is RBI calling about your account suspension.,AUTHORITY_PRETEXTING,scam
persuasion_dataset,This is RBI calling about your account suspension.,AUTHORITY_PRETEXTING,scam
persuasion_dataset,This is RBI calling about your account suspension.,AUTHORITY_PRETEXTING,scam
persuasion_dataset,This is RBI calling about your account suspension.,AUTHORITY_PRETEXTING,scam
persuasion_dataset,Income Tax Department notice for pending tax.,AUTHORITY_PRETEXTING,scam
persuasion_dataset,Income Tax Department notice for pending tax.,AUTHORITY_PRETEXTING,scam
persuasion_dataset,Income Tax Department notice for pending tax.,AUTHORITY_PRETEXTING,scam
persuasion_dataset,Income Tax Department notice for pending tax.,AUTHORITY_PRETEXTING,scam
persuasion_dataset,Income Tax Department notice for pending tax.,AUTHORITY_PRETEXTING,scam
persuasion_dataset,Income Tax Department notice for pending tax.,AUTHORITY_PRETEXTING,scam
persuasion_dataset,Income Tax Department notice for pending tax.,AUTHORITY_PRETEXTING,scam
persuasion_dataset,Income Tax Department notice for pending tax.,AUTHORITY_PRETEXTING,scam
persuasion_dataset,Income Tax Department notice for pending tax.,AUTHORITY_PRETEXTING,scam
persuasion_dataset,Income Tax Department notice for pending tax.,AUTHORITY_PRETEXTING,scam
persuasion_dataset,Income Tax Department notice for pending tax.,AUTHORITY_PRETEXTING,scam
persuasion_dataset,Income Tax Department notice for pending tax.,AUTHORITY_PRETEXTING,scam
persuasion_dataset,Income Tax Department notice for pending tax.,AUTHORITY_PRETEXTING,scam
persuasion_dataset,Income Tax Department notice for pending tax.,AUTHORITY_PRETEXTING,scam
persuasion_dataset,Income Tax Department notice for pending tax.,AUTHORITY_PRETEXTING,scam
persuasion_dataset,Income Tax Department notice for pending tax.,AUTHORITY_PRETEXTING,scam
persuasion_dataset,Income Tax Department notice for pending tax.,AUTHORITY_PRETEXTING,scam
persuasion_dataset,Income Tax Department notice for pending tax.,AUTHORITY_PRETEXTING,scam
persuasion_dataset,Income Tax Department notice for pending tax.,AUTHORITY_PRETEXTING,scam
persuasion_dataset,Income Tax Department notice for pending tax.,AUTHORITY_PRETEXTING,scam
persuasion_dataset,Your account will be closed in 24 hours.,ARTIFICIAL_URGENCY,scam
persuasion_dataset,Your account will be closed in 24 hours.,ARTIFICIAL_URGENCY,scam
persuasion_dataset,Your account will be closed in 24 hours.,ARTIFICIAL_URGENCY,scam
persuasion_dataset,Your account will be closed in 24 hours.,ARTIFICIAL_URGENCY,scam
persuasion_dataset,Your account will be closed in 24 hours.,ARTIFICIAL_URGENCY,scam
persuasion_dataset,Your account will be closed in 24 hours.,ARTIFICIAL_URGENCY,scam
persuasion_dataset,Your account will be closed in 24 hours.,ARTIFICIAL_URGENCY,scam
persuasion_dataset,Your account will be closed in 24 hours.,ARTIFICIAL_URGENCY,scam
persuasion_dataset,Your account will be closed in 24 hours.,ARTIFICIAL_URGENCY,scam
persuasion_dataset,Your account will be closed in 24 hours.,ARTIFICIAL_URGENCY,scam
persuasion_dataset,Your account will be closed in 24 hours.,ARTIFICIAL_URGENCY,scam
persuasion_dataset,Your account will be closed in 24 hours.,ARTIFICIAL_URGENCY,scam
persuasion_dataset,Your account will be closed in 24 hours.,ARTIFICIAL_URGENCY,scam
persuasion_dataset,Your account will be closed in 24 hours.,ARTIFICIAL_URGENCY,scam
persuasion_dataset,Your account will be closed in 24 hours.,ARTIFICIAL_URGENCY,scam
persuasion_dataset,Your account will be closed in 24 hours.,ARTIFICIAL_URGENCY,scam
persuasion_dataset,Your account will be closed in 24 hours.,ARTIFICIAL_URGENCY,scam
persuasion_dataset,Your account will be closed in 24 hours.,ARTIFICIAL_URGENCY,scam
persuasion_dataset,Your account will be closed in 24 hours.,ARTIFICIAL_URGENCY,scam
persuasion_dataset,Your account will be closed in 24 hours.,ARTIFICIAL_URGENCY,scam
persuasion_dataset,Act now or lose access permanently.,ARTIFICIAL_URGENCY,scam
persuasion_dataset,Act now or lose access permanently.,ARTIFICIAL_URGENCY,scam
persuasion_dataset,Act now or lose access permanently.,ARTIFICIAL_URGENCY,scam
persuasion_dataset,Act now or lose access permanently.,ARTIFICIAL_URGENCY,scam
persuasion_dataset,Act now or lose access permanently.,ARTIFICIAL_URGENCY,scam
persuasion_dataset,Act now or lose access permanently.,ARTIFICIAL_URGENCY,scam
persuasion_dataset,Act now or lose access permanently.,ARTIFICIAL_URGENCY,scam
persuasion_dataset,Act now or lose access permanently.,ARTIFICIAL_URGENCY,scam
persuasion_dataset,Act now or lose access permanently.,ARTIFICIAL_URGENCY,scam
persuasion_dataset,Act now or lose access permanently.,ARTIFICIAL_URGENCY,scam
persuasion_dataset,Act now or lose access permanently.,ARTIFICIAL_URGENCY,scam
persuasion_dataset,Act now or lose access permanently.,ARTIFICIAL_URGENCY,scam
persuasion_dataset,Act now or lose access permanently.,ARTIFICIAL_URGENCY,scam
persuasion_dataset,Act now or lose access permanently.,ARTIFICIAL_URGENCY,scam
persuasion_dataset,Act now or lose access permanently.,ARTIFICIAL_URGENCY,scam
persuasion_dataset,Act now or lose access permanently.,ARTIFICIAL_URGENCY,scam
persuasion_dataset,Act now or lose access permanently.,ARTIFICIAL_URGENCY,scam
persuasion_dataset,Act now or lose access permanently.,ARTIFICIAL_URGENCY,scam
persuasion_dataset,Act now or lose access permanently.,ARTIFICIAL_URGENCY,scam
persuasion_dataset,Act now or lose access permanently.,ARTIFICIAL_URGENCY,scam
persuasion_dataset,Only 10 minutes left to claim prize.,ARTIFICIAL_URGENCY,scam
persuasion_dataset,Only 10 minutes left to claim prize.,ARTIFICIAL_URGENCY,scam
persuasion_dataset,Only 10 minutes left to claim prize.,ARTIFICIAL_URGENCY,scam
persuasion_dataset,Only 10 minutes left to claim prize.,ARTIFICIAL_URGENCY,scam
persuasion_dataset,Only 10 minutes left to claim prize.,ARTIFICIAL_URGENCY,scam
persuasion_dataset,Only 10 minutes left to claim prize.,ARTIFICIAL_URGENCY,scam
persuasion_dataset,Only 10 minutes left to claim prize.,ARTIFICIAL_URGENCY,scam
persuasion_dataset,Only 10 minutes left to claim prize.,ARTIFICIAL_URGENCY,scam
persuasion_dataset,Only 10 minutes left to claim prize.,ARTIFICIAL_URGENCY,scam
persuasion_dataset,Only 10 minutes left to claim prize.,ARTIFICIAL_URGENCY,scam
persuasion_dataset,Only 10 minutes left to claim prize.,ARTIFICIAL_URGENCY,scam
persuasion_dataset,Only 10 minutes left to claim prize.,ARTIFICIAL_URGENCY,scam
persuasion_dataset,Only 10 minutes left to claim prize.,ARTIFICIAL_URGENCY,scam
persuasion_dataset,Only 10 minutes left to claim prize.,ARTIFICIAL_URGENCY,scam
persuasion_dataset,Only 10 minutes left to claim prize.,ARTIFICIAL_URGENCY,scam
persuasion_dataset,Only 10 minutes left to claim prize.,ARTIFICIAL_URGENCY,scam
persuasion_dataset,Only 10 minutes left to claim prize.,ARTIFICIAL_URGENCY,scam
persuasion_dataset,Only 10 minutes left to claim prize.,ARTIFICIAL_URGENCY,scam
persuasion_dataset,Only 10 minutes left to claim prize.,ARTIFICIAL_URGENCY,scam
persuasion_dataset,Only 10 minutes left to claim prize.,ARTIFICIAL_URGENCY,scam
persuasion_dataset,Account will be blocked if you don't act.,LOSS_FRAMING,scam
persuasion_dataset,Account will be blocked if you don't act.,LOSS_FRAMING,scam
persuasion_dataset,Account will be blocked if you don't act.,LOSS_FRAMING,scam
persuasion_dataset,Account will be blocked if you don't act.,LOSS_FRAMING,scam
persuasion_dataset,Account will be blocked if you don't act.,LOSS_FRAMING,scam
persuasion_dataset,Account will be blocked if you don't act.,LOSS_FRAMING,scam
persuasion_dataset,Account will be blocked if you don't act.,LOSS_FRAMING,scam
persuasion_dataset,Account will be blocked if you don't act.,LOSS_FRAMING,scam
persuasion_dataset,Account will be blocked if you don't act.,LOSS_FRAMING,scam
persuasion_dataset,Account will be blocked if you don't act.,LOSS_FRAMING,scam
persuasion_dataset,Account will be blocked if you don't act.,LOSS_FRAMING,scam
persuasion_dataset,Account will be blocked if you don't act.,LOSS_FRAMING,scam
persuasion_dataset,Account will be blocked if you don't act.,LOSS_FRAMING,scam
persuasion_dataset,Account will be blocked if you don't act.,LOSS_FRAMING,scam
persuasion_dataset,Account will be blocked if you don't act.,LOSS_FRAMING,scam
persuasion_dataset,Account will be blocked if you don't act.,LOSS_FRAMING,scam
persuasion_dataset,Account will be blocked if you don't act.,LOSS_FRAMING,scam
persuasion_dataset,Account will be blocked if you don't act.,LOSS_FRAMING,scam
persuasion_dataset,Account will be blocked if you don't act.,LOSS_FRAMING,scam
persuasion_dataset,Account will be blocked if you don't act.,LOSS_FRAMING,scam
persuasion_dataset,You will lose Rs 50000 if not claimed today.,LOSS_FRAMING,scam
persuasion_dataset,You will lose Rs 50000 if not claimed today.,LOSS_FRAMING,scam
persuasion_dataset,You will lose Rs 50000 if not claimed today.,LOSS_FRAMING,scam
persuasion_dataset,You will lose Rs 50000 if not claimed today.,LOSS_FRAMING,scam
persuasion_dataset,You will lose Rs 50000 if not claimed today.,LOSS_FRAMING,scam
persuasion_dataset,You will lose Rs 50000 if not claimed today.,LOSS_FRAMING,scam
persuasion_dataset,You will lose Rs 50000 if not claimed today.,LOSS_FRAMING,scam
persuasion_dataset,You will lose Rs 50000 if not claimed today.,LOSS_FRAMING,scam
persuasion_dataset,You will lose Rs 50000 if not claimed today.,LOSS_FRAMING,scam
persuasion_dataset,You will lose Rs 50000 if not claimed today.,LOSS_FRAMING,scam
persuasion_dataset,You will lose Rs 50000 if not claimed today.,LOSS_FRAMING,scam
persuasion_dataset,You will lose Rs 50000 if not claimed today.,LOSS_FRAMING,scam
persuasion_dataset,You will lose Rs 50000 if not claimed today.,LOSS_FRAMING,scam
persuasion_dataset,You will lose Rs 50000 if not claimed today.,LOSS_FRAMING,scam
persuasion_dataset,You will lose Rs 50000 if not claimed today.,LOSS_FRAMING,scam
persuasion_dataset,You will lose Rs 50000 if not claimed today.,LOSS_FRAMING,scam
persuasion_dataset,You will lose Rs 50000 if not claimed today.,LOSS_FRAMING,scam
persuasion_dataset,You will lose Rs 50000 if not claimed today.,LOSS_FRAMING,scam
persuasion_dataset,You will lose Rs 50000 if not claimed today.,LOSS_FRAMING,scam
persuasion_dataset,You will lose Rs 50000 if not claimed today.,LOSS_FRAMING,scam
persuasion_dataset,Legal action will be taken against you.,LOSS_FRAMING,scam
persuasion_dataset,Legal action will be taken against you.,LOSS_FRAMING,scam
persuasion_dataset,Legal action will be taken against you.,LOSS_FRAMING,scam
persuasion_dataset,Legal action will be taken against you.,LOSS_FRAMING,scam
persuasion_dataset,Legal action will be taken against you.,LOSS_FRAMING,scam
persuasion_dataset,Legal action will be taken against you.,LOSS_FRAMING,scam
persuasion_dataset,Legal action will be taken against you.,LOSS_FRAMING,scam
persuasion_dataset,Legal action will be taken against you.,LOSS_FRAMING,scam
persuasion_dataset,Legal action will be taken against you.,LOSS_FRAMING,scam
persuasion_dataset,Legal action will be taken against you.,LOSS_FRAMING,scam
persuasion_dataset,Legal action will be taken against you.,LOSS_FRAMING,scam
persuasion_dataset,Legal action will be taken against you.,LOSS_FRAMING,scam
persuasion_dataset,Legal action will be taken against you.,LOSS_FRAMING,scam
persuasion_dataset,Legal action will be taken against you.,LOSS_FRAMING,scam
persuasion_dataset,Legal action will be taken against you.,LOSS_FRAMING,scam
persuasion_dataset,Legal action will be taken against you.,LOSS_FRAMING,scam
persuasion_dataset,Legal action will be taken against you.,LOSS_FRAMING,scam
persuasion_dataset,Legal action will be taken against you.,LOSS_FRAMING,scam
persuasion_dataset,Legal action will be taken against you.,LOSS_FRAMING,scam
persuasion_dataset,Legal action will be taken against you.,LOSS_FRAMING,scam
persuasion_dataset,Enter your UPI PIN to verify account.,COERCED_ACTION,scam
persuasion_dataset,Enter your UPI PIN to verify account.,COERCED_ACTION,scam
persuasion_dataset,Enter your UPI PIN to verify account.,COERCED_ACTION,scam
persuasion_dataset,Enter your UPI PIN to verify account.,COERCED_ACTION,scam
persuasion_dataset,Enter your UPI PIN to verify account.,COERCED_ACTION,scam
persuasion_dataset,Enter your UPI PIN to verify account.,COERCED_ACTION,scam
persuasion_dataset,Enter your UPI PIN to verify account.,COERCED_ACTION,scam
persuasion_dataset,Enter your UPI PIN to verify account.,COERCED_ACTION,scam
persuasion_dataset,Enter your UPI PIN to verify account.,COERCED_ACTION,scam
persuasion_dataset,Enter your UPI PIN to verify account.,COERCED_ACTION,scam
persuasion_dataset,Enter your UPI PIN to verify account.,COERCED_ACTION,scam
persuasion_dataset,Enter your UPI PIN to verify account.,COERCED_ACTION,scam
persuasion_dataset,Enter your UPI PIN to verify account.,COERCED_ACTION,scam
persuasion_dataset,Enter your UPI PIN to verify account.,COERCED_ACTION,scam
persuasion_dataset,Enter your UPI PIN to verify account.,COERCED_ACTION,scam
persuasion_dataset,Enter your UPI PIN to verify account.,COERCED_ACTION,scam
persuasion_dataset,Enter your UPI PIN to verify account.,COERCED_ACTION,scam
persuasion_dataset,Enter your UPI PIN to verify account.,COERCED_ACTION,scam
persuasion_dataset,Enter your UPI PIN to verify account.,COERCED_ACTION,scam
persuasion_dataset,Enter your UPI PIN to verify account.,COERCED_ACTION,scam
persuasion_dataset,Click this link and provide card details.,COERCED_ACTION,scam
persuasion_dataset,Click this link and provide card details.,COERCED_ACTION,scam
persuasion_dataset,Click this link and provide card details.,COERCED_ACTION,scam
persuasion_dataset,Click this link and provide card details.,COERCED_ACTION,scam
persuasion_dataset,Click this link and provide card details.,COERCED_ACTION,scam
persuasion_dataset,Click this link and provide card details.,COERCED_ACTION,scam
persuasion_dataset,Click this link and provide card details.,COERCED_ACTION,scam
persuasion_dataset,Click this link and provide card details.,COERCED_ACTION,scam
persuasion_dataset,Click this link and provide card details.,COERCED_ACTION,scam
persuasion_dataset,Click this link and provide card details.,COERCED_ACTION,scam
persuasion_dataset,Click this link and provide card details.,COERCED_ACTION,scam
persuasion_dataset,Click this link and provide card details.,COERCED_ACTION,scam
persuasion_dataset,Click this link and provide card details.,COERCED_ACTION,scam
persuasion_dataset,Click this link and provide card details.,COERCED_ACTION,scam
persuasion_dataset,Click this link and provide card details.,COERCED_ACTION,scam
persuasion_dataset,Click this link and provide card details.,COERCED_ACTION,scam
persuasion_dataset,Click this link and provide card details.,COERCED_ACTION,scam
persuasion_dataset,Click this link and provide card details.,COERCED_ACTION,scam
persuasion_dataset,Click this link and provide card details.,COERCED_ACTION,scam
persuasion_dataset,Click this link and provide card details.,COERCED_ACTION,scam
persuasion_dataset,Download this APK file for verification.,COERCED_ACTION,scam
persuasion_dataset,Download this APK file for verification.,COERCED_ACTION,scam
persuasion_dataset,Download this APK file for verification.,COERCED_ACTION,scam
persuasion_dataset,Download this APK file for verification.,COERCED_ACTION,scam
persuasion_dataset,Download this APK file for verification.,COERCED_ACTION,scam
persuasion_dataset,Download this APK file for verification.,COERCED_ACTION,scam
persuasion_dataset,Download this APK file for verification.,COERCED_ACTION,scam
persuasion_dataset,Download this APK file for verification.,COERCED_ACTION,scam
persuasion_dataset,Download this APK file for verification.,COERCED_ACTION,scam
persuasion_dataset,Download this APK file for verification.,COERCED_ACTION,scam
persuasion_dataset,Download this APK file for verification.,COERCED_ACTION,scam
persuasion_dataset,Download this APK file for verification.,COERCED_ACTION,scam
persuasion_dataset,Download this APK file for verification.,COERCED_ACTION,scam
persuasion_dataset,Download this APK file for verification.,COERCED_ACTION,scam
persuasion_dataset,Download this APK file for verification.,COERCED_ACTION,scam
persuasion_dataset,Download this APK file for verification.,COERCED_ACTION,scam
persuasion_dataset,Download this APK file for verification.,COERCED_ACTION,scam
persuasion_dataset,Download this APK file for verification.,COERCED_ACTION,scam
persuasion_dataset,Download this APK file for verification.,COERCED_ACTION,scam
persuasion_dataset,Download this APK file for verification.,COERCED_ACTION,scam
persuasion_dataset,Don't tell anyone about this call.,ISOLATION_TACTIC,scam
persuasion_dataset,Don't tell anyone about this call.,ISOLATION_TACTIC,scam
persuasion_dataset,Don't tell anyone about this call.,ISOLATION_TACTIC,scam
persuasion_dataset,Don't tell anyone about this call.,ISOLATION_TACTIC,scam
persuasion_dataset,Don't tell anyone about this call.,ISOLATION_TACTIC,scam
persuasion_dataset,Don't tell anyone about this call.,ISOLATION_TACTIC,scam
persuasion_dataset,Don't tell anyone about this call.,ISOLATION_TACTIC,scam
persuasion_dataset,Don't tell anyone about this call.,ISOLATION_TACTIC,scam
persuasion_dataset,Don't tell anyone about this call.,ISOLATION_TACTIC,scam
persuasion_dataset,Don't tell anyone about this call.,ISOLATION_TACTIC,scam
persuasion_dataset,Don't tell anyone about this call.,ISOLATION_TACTIC,scam
persuasion_dataset,Don't tell anyone about this call.,ISOLATION_TACTIC,scam
persuasion_dataset,Don't tell anyone about this call.,ISOLATION_TACTIC,scam
persuasion_dataset,Don't tell anyone about this call.,ISOLATION_TACTIC,scam
persuasion_dataset,Don't tell anyone about this call.,ISOLATION_TACTIC,scam
persuasion_dataset,Don't tell anyone about this call.,ISOLATION_TACTIC,scam
persuasion_dataset,Don't tell anyone about this call.,ISOLATION_TACTIC,scam
persuasion_dataset,Don't tell anyone about this call.,ISOLATION_TACTIC,scam
persuasion_dataset,Don't tell anyone about this call.,ISOLATION_TACTIC,scam
persuasion_dataset,Don't tell anyone about this call.,ISOLATION_TACTIC,scam
persuasion_dataset,Keep this confidential or you'll lose prize.,ISOLATION_TACTIC,scam
persuasion_dataset,Keep this confidential or you'll lose prize.,ISOLATION_TACTIC,scam
persuasion_dataset,Keep this confidential or you'll lose prize.,ISOLATION_TACTIC,scam
persuasion_dataset,Keep this confidential or you'll lose prize.,ISOLATION_TACTIC,scam
persuasion_dataset,Keep this confidential or you'll lose prize.,ISOLATION_TACTIC,scam
persuasion_dataset,Keep this confidential or you'll lose prize.,ISOLATION_TACTIC,scam
persuasion_dataset,Keep this confidential or you'll lose prize.,ISOLATION_TACTIC,scam
persuasion_dataset,Keep this confidential or you'll lose prize.,ISOLATION_TACTIC,scam
persuasion_dataset,Keep this confidential or you'll lose prize.,ISOLATION_TACTIC,scam
persuasion_dataset,Keep this confidential or you'll lose prize.,ISOLATION_TACTIC,scam
persuasion_dataset,Keep this confidential or you'll lose prize.,ISOLATION_TACTIC,scam
persuasion_dataset,Keep this confidential or you'll lose prize.,ISOLATION_TACTIC,scam
persuasion_dataset,Keep this confidential or you'll lose prize.,ISOLATION_TACTIC,scam
persuasion_dataset,Keep this confidential or you'll lose prize.,ISOLATION_TACTIC,scam
persuasion_dataset,Keep this confidential or you'll lose prize.,ISOLATION_TACTIC,scam
persuasion_dataset,Keep this confidential or you'll lose prize.,ISOLATION_TACTIC,scam
persuasion_dataset,Keep this confidential or you'll lose prize.,ISOLATION_TACTIC,scam
persuasion_dataset,Keep this confidential or you'll lose prize.,ISOLATION_TACTIC,scam
persuasion_dataset,Keep this confidential or you'll lose prize.,ISOLATION_TACTIC,scam
persuasion_dataset,Keep this confidential or you'll lose prize.,ISOLATION_TACTIC,scam
persuasion_dataset,"Only you can handle this, don't inform bank.",ISOLATION_TACTIC,scam
persuasion_dataset,"Only you can handle this, don't inform bank.",ISOLATION_TACTIC,scam
persuasion_dataset,"Only you can handle this, don't inform bank.",ISOLATION_TACTIC,scam
persuasion_dataset,"Only you can handle this, don't inform bank.",ISOLATION_TACTIC,scam
persuasion_dataset,"Only you can handle this, don't inform bank.",ISOLATION_TACTIC,scam
persuasion_dataset,"Only you can handle this, don't inform bank.",ISOLATION_TACTIC,scam
persuasion_dataset,"Only you can handle this, don't inform bank.",ISOLATION_TACTIC,scam
persuasion_dataset,"Only you can handle this, don't inform bank.",ISOLATION_TACTIC,scam
persuasion_dataset,"Only you can handle this, don't inform bank.",ISOLATION_TACTIC,scam
persuasion_dataset,"Only you can handle this, don't inform bank.",ISOLATION_TACTIC,scam
persuasion_dataset,"Only you can handle this, don't inform bank.",ISOLATION_TACTIC,scam
persuasion_dataset,"Only you can handle this, don't inform bank.",ISOLATION_TACTIC,scam
persuasion_dataset,"Only you can handle this, don't inform bank.",ISOLATION_TACTIC,scam
persuasion_dataset,"Only you can handle this, don't inform bank.",ISOLATION_TACTIC,scam
persuasion_dataset,"Only you can handle this, don't inform bank.",ISOLATION_TACTIC,scam
persuasion_dataset,"Only you can handle this, don't inform bank.",ISOLATION_TACTIC,scam
persuasion_dataset,"Only you can handle this, don't inform bank.",ISOLATION_TACTIC,scam
persuasion_dataset,"Only you can handle this, don't inform bank.",ISOLATION_TACTIC,scam
persuasion_dataset,"Only you can handle this, don't inform bank.",ISOLATION_TACTIC,scam
persuasion_dataset,"Only you can handle this, don't inform bank.",ISOLATION_TACTIC,scam
